Workbook

Sheet Dashboard
A1: AI Response Quality Evaluation Dashboard
A3: AI Quality Evaluation Framework | Version 1.0 | July 2026
A5: KEY PERFORMANCE INDICATORS
A7: ✓ Overall Quality Score | C7: ✗ Accuracy Rate | E7: ◐ Safety Compliance Rate
A8: =Final_KPI_Values!B2 | C8: =Final_KPI_Values!B3 | E8: =Final_KPI_Values!B5
A9: Target: >= 4.0 | C9: Target: >= 85.0% | E9: Target: >= 95.0%
A11: ✓ Hallucination Rate | C11: ✓ Calibration Agreement Rate | E11: ✓ Error Rate
A12: =Final_KPI_Values!B4 | C12: =Final_KPI_Values!B6 | E12: =Final_KPI_Values!B7
A13: Target: < 10.0% | C13: Target: >= 85.0% | E13: Target: < 50.0%
A15: TOP AI RESPONSE ERRORS (PARETO ANALYSIS) | E15: ERROR DISTRIBUTION
E16: Error Category | F16: Count
E17: =Defect_Pareto_Analysis!A2 | F17: =Defect_Pareto_Analysis!B2
E18: =Defect_Pareto_Analysis!A3 | F18: =Defect_Pareto_Analysis!B3
E19: =Defect_Pareto_Analysis!A4 | F19: =Defect_Pareto_Analysis!B4
E20: =Defect_Pareto_Analysis!A5 | F20: =Defect_Pareto_Analysis!B5
E21: =Defect_Pareto_Analysis!A6 | F21: =Defect_Pareto_Analysis!B6
E22: =Defect_Pareto_Analysis!A7 | F22: =Defect_Pareto_Analysis!B7
E23: =Defect_Pareto_Analysis!A8 | F23: =Defect_Pareto_Analysis!B8
E24: =Defect_Pareto_Analysis!A9 | F24: =Defect_Pareto_Analysis!B9
A28: CONTINUOUS IMPROVEMENT ACTIONS | E28: KEY INSIGHTS
A29: Phase | B29: Focus Area | C29: Action Plan | D29: Methodology | E29: • Incorrect Facts remain the most common quality issue.
A30: =Continuous_Improvement!A2 | B30: =Continuous_Improvement!B2 | C30: ="Establish CTQ benchmarks; target 85% accuracy (now 66%)" | D30: =Continuous_Improvement!D2 | E30: • Safety Violations remain below the acceptable threshold.
A31: =Continuous_Improvement!A3 | B31: =Continuous_Improvement!B3 | C31: ="Monitor 88% calibration rate with reliability tests" | D31: =Continuous_Improvement!D3 | E31: • Hallucination frequency is low and continues to be monitored.
A32: =Continuous_Improvement!A4 | B32: =Continuous_Improvement!B4 | C32: ="Investigate 14 Incorrect Facts & 7 Safety Violations" | D32: =Continuous_Improvement!D4 | E32: • Reviewer calibration exceeded the target agreement rate.
A33: =Continuous_Improvement!A5 | B33: =Continuous_Improvement!B5 | C33: ="Build automated webhook for accuracy drop alerts" | D33: =Continuous_Improvement!D5 | E33: • Continuous improvement actions documented for recurring issues.
A34: =Continuous_Improvement!A6 | B34: =Continuous_Improvement!B6 | C34: ="Finalize AI Quality Dashboard for monitoring" | D34: =Continuous_Improvement!D6
A36: Prepared by Poulami Roy Chowdhury | AI Quality Evaluation Portfolio | July 2026

Sheet Dashboard_Metadata
A1: Field | B1: Value
A2: Dashboard Name | B2: AI Quality Evaluation Framework Dashboard
A3: Portfolio Type | B3: Portfolio Simulation
A4: Primary Dataset | B4: AI Response Evaluation Dataset (100 Responses)
A5: Calibration Dataset | B5: Reviewer Calibration Dataset (25 Responses)
A6: Metrics Dictionary | B6: Metrics_Definitions.xlsx
A7: Metrics Guide | B7: Quality_Metrics_Guide.docx
A8: Version | B8: 1.0
A9: Last Updated | B9: July 2026
A11: DASHBOARD ARCHITECTURE (THREE LAYERS)
A12: Layer 1 — Original Data Source | B12: AI_Response_Evaluation_Dataset.xlsx is the master data source (Evaluation_Dataset, 100 evaluated responses). Reviewer_Calibration_Scenarios.xlsx holds the master calibration records (Calibration_Dataset, 25 cases). No KPI is calculated in these workbooks.
A13: Layer 2 — Metrics Calculation | B13: AI_Quality_Metrics_Framework.xlsx is the single source of KPI calculations. Its EvalData_Source and CalibData_Source worksheets are regenerated from the master datasets, and KPI_Summary applies the live Excel formulas that produce every KPI value.
A14: Layer 3 — Executive Reporting | B14: AI_Quality_Dashboard.xlsx (this workbook) is an executive reporting snapshot that presents verified KPI values. It performs no KPI calculations and contains no source data.
A15: Architecture Statement | B15: This workbook is an executive reporting snapshot. All KPI calculations are performed in AI_Quality_Metrics_Framework.xlsx using the source Evaluation Dataset and Reviewer Calibration Dataset. The KPI values published in this dashboard have been independently verified against the source datasets. Refer to the KPI_Calculations worksheet for calculation methodology, traceability, and source references.
A16: Data Flow | B16: Evaluation / Calibration Dataset → Metrics Framework (EvalData_Source / CalibData_Source) → KPI_Summary (live formulas) → Final_KPI_Values → Dashboard KPI Card
A17: External Links | B17: None. This workbook contains no external workbook references and no duplicated source data.
A18: Verification | B18: All seven published KPI values independently recomputed from the master datasets and confirmed to match.

Sheet Executive_Summary
A1: Metric | B1: Value | C1: Status
A2: Overall Dataset Quality Score | B2: 4.49 | C2: Target Achieved
A3: Hallucination Rate | B3: 4% | C3: Below Threshold
A4: Safety Compliance | B4: 93% | C4: Near Target
A5: Calibration Agreement | B5: 88% | C5: Target Achieved

Sheet Final_KPI_Values
A1: Metric | B1: Calculated Value | C1: Target Threshold | D1: Status | E1: Trend Icon
A2: Overall Dataset Quality Score | B2: 4.49 | C2: >= 4.0 | D2: Target Achieved | E2: 📈
A3: Accuracy Rate | B3: 0.66 | C3: >= 85.0% | D3: Below Threshold | E3: 📉
A4: Hallucination Rate | B4: 0.04 | C4: < 10.0% | D4: Target Achieved | E4: 📉
A5: Safety Compliance Rate | B5: 0.93 | C5: >= 95.0% | D5: Near Target | E5: ➖
A6: Calibration Agreement Rate | B6: 0.88 | C6: >= 85.0% | D6: Target Achieved | E6: 📈
A7: Error Rate | B7: 0.34 | C7: < 50.0% | D7: Target Achieved | E7: 📉
A8: Escalation Rate | B8: 0.04 | C8: < 15.0% | D8: Target Achieved | E8: 📉

Sheet Defect_Pareto_Analysis
A1: Error Category | B1: Defect Volume | C1: % of Total Defects | D1: Cumulative %
A2: Incorrect Facts | B2: 14 | C2: 0.4117 | D2: 0.4117
A3: Safety Violation | B3: 7 | C3: 0.2058 | D3: 0.6176
A4: Hallucination | B4: 4 | C4: 0.1176 | D4: 0.7352
A5: Bias | B5: 4 | C5: 0.1176 | D5: 0.8529
A6: Policy Violation | B6: 2 | C6: 0.0588 | D6: 0.9117
A7: Tone Issue | B7: 1 | C7: 0.0294 | D7: 0.9411
A8: Incomplete Answer | B8: 1 | C8: 0.0294 | D8: 0.9705
A9: Instruction Following Failure | B9: 1 | C9: 0.0294 | D9: 1

Sheet Continuous_Improvement
A1: Phase | B1: Focus Area | C1: Operational Action Plan | D1: Recommended Methodology / Tool
A2: Define | B2: KPI Thresholds | C2: Establish clear critical-to-quality (CTQ) benchmarks for AI outputs, specifically targeting the 85% accuracy threshold which is currently underperforming at 66%. | D2: Process Capability Analysis
A3: Measure | B3: Calibration Agreement Trend | C3: The 88% calibration agreement rate meets the target, but should be rigorously monitored. Implement continuous reliability tests on the RLHF evaluation scenarios to ensure measurement system integrity. | D3: Gage R&R Study
A4: Analyze | B4: Defect Root Causes | C4: Investigate the driving factors behind the 14 "Incorrect Fact" defects and 7 "Safety Violation" violations, which account for over 60% of all system errors. | D4: Failure Mode and Effects Analysis (FMEA)
A5: Improve | B5: Workflow Automation | C5: Build an automated webhook pipeline to instantly flag evaluation batches where accuracy drops below the target, routing those specific responses to a secondary human-in-the-loop review queue. | D5: Low-code platforms
A6: Control | B6: Executive Monitoring | C6: Finalize the AI Quality Evaluation Dashboard using the standardized metrics from this dataset to maintain ongoing visibility over prompt engineering refinements. | D6: Statistical Process Control (SPC) Charts

Sheet KPI_Calculations
A1: KPI CALCULATION REFERENCE & TRACEABILITY
A2: Three-layer architecture: the ORIGINAL DATA SOURCE holds the master evaluation and calibration records; the CALCULATION WORKBOOK (AI_Quality_Metrics_Framework.xlsx) performs all live KPI calculations on worksheets regenerated from those masters; this dashboard is the EXECUTIVE REPORTING SNAPSHOT presenting verified values. Formulas below are reproduced verbatim from the calculation workbook and reference its worksheets.
A4: KPI Name | B4: Business Definition | C4: Original Data Source | D4: Calculation Workbook | E4: Calculation Worksheet | F4: Source Columns (Calculation Worksheet) | G4: Calculation Formula (verbatim) | H4: Formula Explanation | I4: Business Calculation | J4: Target | K4: Published Value | L4: Notes
A5: Overall Dataset Quality Score | B5: Average response quality across all evaluated AI responses | C5: AI_Response_Evaluation_Dataset.xlsx (Evaluation_Dataset, 100 responses) | D5: AI_Quality_Metrics_Framework.xlsx | E5: EvalData_Source → KPI_Summary | F5: G (Overall Score) | G5: =ROUND(AVERAGE(EvalData_Source!G2:G101),2) | H5: Averages the Overall Score across all 100 evaluated responses, rounded to 2 decimal places. | I5: Average of Overall Scores | J5: >= 4.0 | K5: 4.49 | L5: Overall Score is itself the mean of the five scored dimensions (Accuracy, Completeness, Relevance, Clarity, Safety).
A6: Accuracy Rate | B6: Percentage of responses demonstrating factual correctness | C6: AI_Response_Evaluation_Dataset.xlsx (Evaluation_Dataset, 100 responses) | D6: AI_Quality_Metrics_Framework.xlsx | E6: EvalData_Source → KPI_Summary | F6: B (Accuracy) | G6: =COUNTIF(EvalData_Source!B2:B101,">=4")/COUNTA(EvalData_Source!B2:B101) | H6: Counts responses scoring 4 or higher on the Accuracy dimension, divided by total responses. | I6: Responses with Accuracy Score ≥ 4 ÷ Total Responses | J6: >= 85.0% | K6: 0.66 | L6: Currently below target; identified as the primary improvement area in Continuous_Improvement.
A7: Hallucination Rate | B7: Percentage of responses containing fabricated or unsupported information | C7: AI_Response_Evaluation_Dataset.xlsx (Evaluation_Dataset, 100 responses) | D7: AI_Quality_Metrics_Framework.xlsx | E7: EvalData_Source → KPI_Summary | F7: H (Error Category) | G7: =COUNTIF(EvalData_Source!H2:H101,"Hallucination")/COUNTA(EvalData_Source!A2:A101) | H7: Counts responses classified with the canonical error category 'Hallucination', divided by total responses. | I7: Hallucinated Responses ÷ Total Responses | J7: < 10.0% | K7: 0.04 | L7: Uses the canonical 13-category error taxonomy.
A8: Safety Compliance Rate | B8: Percentage of responses meeting AI safety requirements | C8: AI_Response_Evaluation_Dataset.xlsx (Evaluation_Dataset, 100 responses) | D8: AI_Quality_Metrics_Framework.xlsx | E8: EvalData_Source → KPI_Summary | F8: A (Prompt ID), H (Error Category) | G8: =(COUNTA(EvalData_Source!A2:A101)-COUNTIF(EvalData_Source!H2:H101,"Safety Violation"))/COUNTA(EvalData_Source!A2:A101) | H8: Total responses minus those classified as 'Safety Violation', divided by total responses. | I8: Safe Responses ÷ Total Responses | J8: >= 95.0% | K8: 0.93 | L8: Safety Violation is a Critical-severity category requiring immediate escalation.
A9: Calibration Agreement Rate | B9: Reviewer consistency during calibration exercises | C9: Reviewer_Calibration_Scenarios.xlsx (Calibration_Dataset, 25 cases) | D9: AI_Quality_Metrics_Framework.xlsx | E9: CalibData_Source → KPI_Summary | F9: A (Scenario ID), B (Initial Agreement) | G9: =COUNTIF(CalibData_Source!B2:B26,"Yes")/COUNTA(CalibData_Source!A2:A26) | H9: Counts calibration cases where all three reviewers agreed on first pass, divided by total calibration cases. | I9: Reviewer Agreements ÷ Total Calibration Cases | J9: >= 85.0% | K9: 0.88 | L9: 22 of 25 cases reached initial agreement across Reviewers A, B, and C.
A10: Error Rate | B10: Percentage of responses containing quality issues | C10: AI_Response_Evaluation_Dataset.xlsx (Evaluation_Dataset, 100 responses) | D10: AI_Quality_Metrics_Framework.xlsx | E10: EvalData_Source → KPI_Summary | F10: H (Error Category) | G10: =COUNTIF(EvalData_Source!H2:H101,"<>No Error")/COUNTA(EvalData_Source!A2:A101) | H10: Counts responses assigned any error category other than 'No Error', divided by total responses. | I10: Responses with One or More Errors ÷ Total Responses | J10: < 50.0% | K10: 0.34 | L10: 34 of 100 responses carry at least one canonical error category.
A11: Escalation Rate | B11: Frequency of complex review cases requiring escalation | C11: Reviewer_Calibration_Scenarios.xlsx (Calibration_Dataset, 25 cases) | D11: AI_Quality_Metrics_Framework.xlsx | E11: CalibData_Source → KPI_Summary | F11: A (Scenario ID), F (Escalation Required) | G11: =COUNTIF(CalibData_Source!F2:F26,"Immediate")/COUNTA(CalibData_Source!A2:A26) | H11: Counts calibration cases flagged for immediate escalation, divided by total calibration cases. | I11: Escalated Calibration Cases ÷ Total Calibration Cases | J11: < 15.0% | K11: 0.04 | L11: Immediate escalation applies to Critical-severity findings routed to Trust & Safety.
A13: TRACEABILITY CHAIN — applies to all seven KPIs above
A14: Layer 1 — Original Data Source | B14: AI_Response_Evaluation_Dataset.xlsx (Evaluation_Dataset, 100 responses) and Reviewer_Calibration_Scenarios.xlsx (Calibration_Dataset, 25 cases). These are the master records; no KPI is calculated here.
A15: Layer 2 — Calculation Workbook | B15: AI_Quality_Metrics_Framework.xlsx. Worksheets EvalData_Source and CalibData_Source are regenerated from the master datasets; KPI_Summary applies the live Excel formulas shown above. This is the single source of KPI calculations.
A16: Layer 3 — Executive Reporting | B16: AI_Quality_Dashboard.xlsx. Final_KPI_Values holds the published snapshot, independently verified against the master datasets; Dashboard KPI cards link to it (e.g. =Final_KPI_Values!B2).
A17: Full chain | B17: Evaluation / Calibration Dataset → Metrics Framework (EvalData_Source / CalibData_Source) → KPI_Summary (live formulas) → Final_KPI_Values (published snapshot) → Dashboard KPI Card
A18: Note on column references | B18: Source Columns above refer to the calculation worksheets (EvalData_Source / CalibData_Source), which the formulas reference. Column positions in the original master datasets differ, as the calculation worksheets carry a reduced column set.
